Country,Concept,LocalTerm
España,Singular de confianza,tú
Guatemala,Singular de confianza,"tú, vos"
México,Singular de confianza,"tú, vos (Tabasco y Chiapas)"
Puerto Rico,Singular de confianza,tú
España,Singular de respeto,usted​
Guatemala,Singular de respeto,usted​
México,Singular de respeto,usted​
Puerto Rico,Singular de respeto,usted​
España,Plural de confianza,vosotros​ (ustedes en Andalucía Occidental y Canarias)​
Guatemala,Plural de confianza,"ustedes,​ muchá​"
México,Plural de confianza,ustedes​
Puerto Rico,Plural de confianza,ustedes​
España,Plural de respeto,ustedes​
Guatemala,Plural de respeto,ustedes​
México,Plural de respeto,ustedes​
Puerto Rico,Plural de respeto,ustedes​
España,Adverbio que introduce una oración que indica una cantidad que depende o está en correlación con otra,cuanto más … más …​
Guatemala,Adverbio que introduce una oración que indica una cantidad que depende o está en correlación con otra,"cuanto más … más …, mientras más … más …"
México,Adverbio que introduce una oración que indica una cantidad que depende o está en correlación con otra,"entre más … más …,​ mientras más … más …​"
Puerto Rico,Adverbio que introduce una oración que indica una cantidad que depende o está en correlación con otra,"mientras más … más …,​ cuanto más … más …,​ entre más … más …​"
España,Que lleva el acento en la sílaba anterior a la última,"llana, grave"
Guatemala,Que lleva el acento en la sílaba anterior a la última,grave
México,Que lleva el acento en la sílaba anterior a la última,"grave, llana"
Puerto Rico,Que lleva el acento en la sílaba anterior a la última,llana
España,Aparato electroacústico que reproduce un sonido,"altavoz, bafle"
Guatemala,Aparato electroacústico que reproduce un sonido,bocina
México,Aparato electroacústico que reproduce un sonido,"bocina, bafle, altavoz"
Puerto Rico,Aparato electroacústico que reproduce un sonido,"altoparlante, bocina"
España,Máquina que rueda sobre rodillos pesados para aplanar el terreno,apisonadora
Guatemala,Máquina que rueda sobre rodillos pesados para aplanar el terreno,aplanadora
México,Máquina que rueda sobre rodillos pesados para aplanar el terreno,aplanadora
Puerto Rico,Máquina que rueda sobre rodillos pesados para aplanar el terreno,aplanadora
España,Aparato para subir y bajar personas en un edificio,ascensor​
Guatemala,Aparato para subir y bajar personas en un edificio,"elevador, ascensor"
México,Aparato para subir y bajar personas en un edificio,"elevador,​ ascensor"
Puerto Rico,Aparato para subir y bajar personas en un edificio,"ascensor, elevador"
España,Máquina para lavar ropa,lavadora​
Guatemala,Máquina para lavar ropa,lavadora
México,Máquina para lavar ropa,lavadora​
Puerto Rico,Máquina para lavar ropa,lavadora
España,Aparato manual conectado a una computadora que sirve para mover el cursor en la pantalla,ratón​ (de ordenador)
Guatemala,Aparato manual conectado a una computadora que sirve para mover el cursor en la pantalla,mouse​
México,Aparato manual conectado a una computadora que sirve para mover el cursor en la pantalla,"mouse,​ ratón"
Puerto Rico,Aparato manual conectado a una computadora que sirve para mover el cursor en la pantalla,mouse​
España,Dispositivo que sirve para manejar a distancia el funcionamiento de un mecanismo electrónico,mando a distancia
Guatemala,Dispositivo que sirve para manejar a distancia el funcionamiento de un mecanismo electrónico,control remoto
México,Dispositivo que sirve para manejar a distancia el funcionamiento de un mecanismo electrónico,control remoto
Puerto Rico,Dispositivo que sirve para manejar a distancia el funcionamiento de un mecanismo electrónico,control remoto
España,"Computadora portátil de peso y tamaño ligero, su tamaño es aproximado al de un portafolio o menor",(ordenador) portátil
Guatemala,"Computadora portátil de peso y tamaño ligero, su tamaño es aproximado al de un portafolio o menor",(la) laptop
México,"Computadora portátil de peso y tamaño ligero, su tamaño es aproximado al de un portafolio o menor","(la) laptop, (la) notebook"
Puerto Rico,"Computadora portátil de peso y tamaño ligero, su tamaño es aproximado al de un portafolio o menor","(la) laptop, computadora portátil"
España,Electrodoméstico que sirve para secar la ropa,(máquina) secadora
Guatemala,Electrodoméstico que sirve para secar la ropa,secadora
México,Electrodoméstico que sirve para secar la ropa,secadora
Puerto Rico,Electrodoméstico que sirve para secar la ropa,secadora
España,"electrodoméstico de cocina para triturar los alimentos y conseguir una pasta de mayor o menor liquidez según los ingredientes que se utilicen. Está compuesta por un soporte tecnológico, una cuchilla de alto filo que es la encargada de girar y triturar los alimentos, un vaso para contener los alimentos y una tapa","batidora (de vaso), licuadora"
Guatemala,"electrodoméstico de cocina para triturar los alimentos y conseguir una pasta de mayor o menor liquidez según los ingredientes que se utilicen. Está compuesta por un soporte tecnológico, una cuchilla de alto filo que es la encargada de girar y triturar los alimentos, un vaso para contener los alimentos y una tapa",licuadora
México,"electrodoméstico de cocina para triturar los alimentos y conseguir una pasta de mayor o menor liquidez según los ingredientes que se utilicen. Está compuesta por un soporte tecnológico, una cuchilla de alto filo que es la encargada de girar y triturar los alimentos, un vaso para contener los alimentos y una tapa",licuadora
Puerto Rico,"electrodoméstico de cocina para triturar los alimentos y conseguir una pasta de mayor o menor liquidez según los ingredientes que se utilicen. Está compuesta por un soporte tecnológico, una cuchilla de alto filo que es la encargada de girar y triturar los alimentos, un vaso para contener los alimentos y una tapa",licuadora
España,"Una batidora o batidora mezcladora es un electrodoméstico que permite batir o mezclar alimentos blandos, esponjar y emulsionar mezclas y salsas, y montar claras de huevo a punto de nieve",batidora (de varillas)
Guatemala,"Una batidora o batidora mezcladora es un electrodoméstico que permite batir o mezclar alimentos blandos, esponjar y emulsionar mezclas y salsas, y montar claras de huevo a punto de nieve",batidora
México,"Una batidora o batidora mezcladora es un electrodoméstico que permite batir o mezclar alimentos blandos, esponjar y emulsionar mezclas y salsas, y montar claras de huevo a punto de nieve",batidora
Puerto Rico,"Una batidora o batidora mezcladora es un electrodoméstico que permite batir o mezclar alimentos blandos, esponjar y emulsionar mezclas y salsas, y montar claras de huevo a punto de nieve",batidora
España,Pieza de una cocina/estufa por donde se difunde el fuego o el calor que se emplea para cocinar o calentar los alimentos,"fogón, quemador, hornillo (Galicia)"
Guatemala,Pieza de una cocina/estufa por donde se difunde el fuego o el calor que se emplea para cocinar o calentar los alimentos,hornilla
México,Pieza de una cocina/estufa por donde se difunde el fuego o el calor que se emplea para cocinar o calentar los alimentos,"hornilla, quemador"
Puerto Rico,Pieza de una cocina/estufa por donde se difunde el fuego o el calor que se emplea para cocinar o calentar los alimentos,hornilla
España,"Dispositivo constituido por tres o cuatro barras unidas por un extremo y formando un ángulo agudo, que giran sobre un eje vertical; se coloca en la entrada de un lugar para hacer pasar a las personas de una en una",torniquete
Guatemala,"Dispositivo constituido por tres o cuatro barras unidas por un extremo y formando un ángulo agudo, que giran sobre un eje vertical; se coloca en la entrada de un lugar para hacer pasar a las personas de una en una","molinete, torno"
México,"Dispositivo constituido por tres o cuatro barras unidas por un extremo y formando un ángulo agudo, que giran sobre un eje vertical; se coloca en la entrada de un lugar para hacer pasar a las personas de una en una",torniquete
Puerto Rico,"Dispositivo constituido por tres o cuatro barras unidas por un extremo y formando un ángulo agudo, que giran sobre un eje vertical; se coloca en la entrada de un lugar para hacer pasar a las personas de una en una",torno
España,"Cifras que indican zona, ciudad o país, y que, para establecer comunicación telefónica automática, se marcan antes del número del abonado a quien se llama",prefijo
Guatemala,"Cifras que indican zona, ciudad o país, y que, para establecer comunicación telefónica automática, se marcan antes del número del abonado a quien se llama",código de área
México,"Cifras que indican zona, ciudad o país, y que, para establecer comunicación telefónica automática, se marcan antes del número del abonado a quien se llama","(clave) lada, código de país, código de marcación"
Puerto Rico,"Cifras que indican zona, ciudad o país, y que, para establecer comunicación telefónica automática, se marcan antes del número del abonado a quien se llama",código de área
España,Electrodoméstico de cocina que permite moler ingredientes en el mismo recipiente en el que se prepara,"batidora, túrmix"
Guatemala,Electrodoméstico de cocina que permite moler ingredientes en el mismo recipiente en el que se prepara,"batidora de mano, batidora manual, batidora de inmersión"
México,Electrodoméstico de cocina que permite moler ingredientes en el mismo recipiente en el que se prepara,"batidora (de inmersión), batidora de mano, (el) braun, emulsionador"
Puerto Rico,Electrodoméstico de cocina que permite moler ingredientes en el mismo recipiente en el que se prepara,"batidor, batidora, mxer, mezcladora, emulsificadora"
España,Vehículo automóvil de cuatro ruedas para 2 a 6 pasajeros,"coche, auto (en desuso), automóvil (formal)"
Guatemala,Vehículo automóvil de cuatro ruedas para 2 a 6 pasajeros,"carro, automóvil"
México,Vehículo automóvil de cuatro ruedas para 2 a 6 pasajeros,"carro, auto, coche, mueble (algunas zonas del norte del país), automóvil, nave, vehículo"
Puerto Rico,Vehículo automóvil de cuatro ruedas para 2 a 6 pasajeros,carro
España,Pago que se efectúa para poder utilizar ciertas vías,peaje
Guatemala,Pago que se efectúa para poder utilizar ciertas vías,peaje
México,Pago que se efectúa para poder utilizar ciertas vías,cuota
Puerto Rico,Pago que se efectúa para poder utilizar ciertas vías,peaje
España,Ponerse por delante de otro un vehículo,"adelantar, pasar"
Guatemala,Ponerse por delante de otro un vehículo,"rebasar, adelantar"
México,Ponerse por delante de otro un vehículo,rebasar
Puerto Rico,Ponerse por delante de otro un vehículo,pasar
España,Documento legal necesario para guiar un vehículo,"permiso de conducir, carné/carnet de conducir"
Guatemala,Documento legal necesario para guiar un vehículo,licencia de conducir
México,Documento legal necesario para guiar un vehículo,"licencia de conducir, licencia de manejo"
Puerto Rico,Documento legal necesario para guiar un vehículo,licencia de conducir
España,Compartimento de un automóvil para llevar el equipaje,"maletero,​ portabultos (Canarias)"
Guatemala,Compartimento de un automóvil para llevar el equipaje,baúl
México,Compartimento de un automóvil para llevar el equipaje,"cajuela,​ portaequipaje"
Puerto Rico,Compartimento de un automóvil para llevar el equipaje,baúl
España,Pieza de caucho que forma el exterior de una rueda,"neumático, goma, cubierta (Andalucía)"
Guatemala,Pieza de caucho que forma el exterior de una rueda,"llanta, neumático"
México,Pieza de caucho que forma el exterior de una rueda,llanta
Puerto Rico,Pieza de caucho que forma el exterior de una rueda,goma
España,"Automóvil bajo y de formas redondeadas, muy popular, fabricado por la casa alemana Volkswagen",escarabajo
Guatemala,"Automóvil bajo y de formas redondeadas, muy popular, fabricado por la casa alemana Volkswagen",escarabajo
México,"Automóvil bajo y de formas redondeadas, muy popular, fabricado por la casa alemana Volkswagen","vocho, bocho, vochito"
Puerto Rico,"Automóvil bajo y de formas redondeadas, muy popular, fabricado por la casa alemana Volkswagen","(el) volky, escarabajo"
España,Tubérculo comestible de la especie Ipomoea batatas,"boniato, batata"
Guatemala,Tubérculo comestible de la especie Ipomoea batatas,camote
México,Tubérculo comestible de la especie Ipomoea batatas,camote
Puerto Rico,Tubérculo comestible de la especie Ipomoea batatas,batata
España,Tubérculo comestible de la especie Solanum tuberosum,"patata,​ papa (Andalucía y Canarias)"
Guatemala,Tubérculo comestible de la especie Solanum tuberosum,papa
México,Tubérculo comestible de la especie Solanum tuberosum,papa​
Puerto Rico,Tubérculo comestible de la especie Solanum tuberosum,papa
España,Semilla comestible de la especie Phaseolus vulgaris,"judía, alubia, habichuela, frijol (negro)"
Guatemala,Semilla comestible de la especie Phaseolus vulgaris,frijol
México,Semilla comestible de la especie Phaseolus vulgaris,frijol
Puerto Rico,Semilla comestible de la especie Phaseolus vulgaris,habichuela
España,Vaina tierna comestible de la especie Phaseolus vulgaris,"judía verde, vaina, habichuela, fréjol, frijol (negro)"
Guatemala,Vaina tierna comestible de la especie Phaseolus vulgaris,"ejote, habichuela, piloye"
México,Vaina tierna comestible de la especie Phaseolus vulgaris,ejote
Puerto Rico,Vaina tierna comestible de la especie Phaseolus vulgaris,gandul
España,Mazorca tierna de maíz (Zea mays),mazorca de maíz
Guatemala,Mazorca tierna de maíz (Zea mays),elote​
México,Mazorca tierna de maíz (Zea mays),elote​
Puerto Rico,Mazorca tierna de maíz (Zea mays),mazorca
España,"Hierba de la especie allium schoenoprasum, de la cual se consume solo la hoja",cebollino
Guatemala,"Hierba de la especie allium schoenoprasum, de la cual se consume solo la hoja",cebollín
México,"Hierba de la especie allium schoenoprasum, de la cual se consume solo la hoja",cebollín (europeo)​
Puerto Rico,"Hierba de la especie allium schoenoprasum, de la cual se consume solo la hoja",cebollín
España,Fruto de Sechium edule,"chayota, patata china"
Guatemala,Fruto de Sechium edule,(el) güisquil
México,Fruto de Sechium edule,chayote​
Puerto Rico,Fruto de Sechium edule,chayote
España,Fruto de Persea americana,aguacate​
Guatemala,Fruto de Persea americana,palta
México,Fruto de Persea americana,aguacate​​
Puerto Rico,Fruto de Persea americana,aguacate
España,"Fruto de Capsicum annuum, cuando no es picante","pimiento, pimiento morrón (Andalucía)"
Guatemala,"Fruto de Capsicum annuum, cuando no es picante",chile pimiento
México,"Fruto de Capsicum annuum, cuando no es picante",pimiento morrón​
Puerto Rico,"Fruto de Capsicum annuum, cuando no es picante","pimiento, pimiento morrón"
España,"Fruto de Capsicum annuum, cuando es picante","guindilla, pimiento picante"
Guatemala,"Fruto de Capsicum annuum, cuando es picante",chile
México,"Fruto de Capsicum annuum, cuando es picante",chile​
Puerto Rico,"Fruto de Capsicum annuum, cuando es picante",ají
España,Inflorescencia comestible de Cynara scolymus,"alcachofa, alcaucil"
Guatemala,Inflorescencia comestible de Cynara scolymus,alcachofa
México,Inflorescencia comestible de Cynara scolymus,alcachofa
Puerto Rico,Inflorescencia comestible de Cynara scolymus,alcachofa
España,Planta de la especie Glycine max,soja​
Guatemala,Planta de la especie Glycine max,soya
México,Planta de la especie Glycine max,"soya,​ frijol de soya​"
Puerto Rico,Planta de la especie Glycine max,soya
España,"Fruto de la calabacera, comestible, muy diverso en cuanto a forma, tamaño y color, con muchas semillas en su interior","calabaza (Lagenaria, Cucurbita, Sicana, Benincasa), calabacín (Cucurbita pepo verde y alargado), sidra cayote, sidra, calabaza de sidra, pantana, cabello de ángel (Cucurbita ficifolia)"
Guatemala,"Fruto de la calabacera, comestible, muy diverso en cuanto a forma, tamaño y color, con muchas semillas en su interior","calabaza, ayote (Cucurbita moschata), pipián (Cucurbita argyrosperma), chilacayote p cidracayote (Cucurbita ficifolia)"
México,"Fruto de la calabacera, comestible, muy diverso en cuanto a forma, tamaño y color, con muchas semillas en su interior","calabaza, pipián (Cucurbita argyrosperma), calabacita o calabacín (Cucurbita pepo verde y alargado), cushaw (Cucurbita argyrosperma  /cushé/), chilacayote o chilacayota (Cucurbita ficifolia), zapallo (Cucurbita máxima), tamalayota, tamalayote, k´uum (Cucurbita moschata), tecomata, chihua (Cucurbita argyrosperma subsp. argyrosperma), chilacayote, chilaca o kan chiverro (Cucurbita ficifolia)"
Puerto Rico,"Fruto de la calabacera, comestible, muy diverso en cuanto a forma, tamaño y color, con muchas semillas en su interior","calabaza (Cucurbita pepo , Cucurbita moschata, Cucurbita maxima, y Cucurbita argyrosperma), calabacín (Cucurbita pepo )"
España,Impeler lejos de uno,"tirar, lanzar, echar, arrojar"
Guatemala,Impeler lejos de uno,"tirar, echar, lanzar"
México,Impeler lejos de uno,"tirar, echar, aventar, arrojar, lanzar, botar"
Puerto Rico,Impeler lejos de uno,"tirar, lanzar, echar, arrojar"
España,"Acelerarse, apresurarse en la ejecución de algo","darse prisa, apurarse, apresurarse (formal), aligerarse"
Guatemala,"Acelerarse, apresurarse en la ejecución de algo","apurarse, apresurarse, aligerarse"
México,"Acelerarse, apresurarse en la ejecución de algo","apurarse, darse prisa, correrle, apresurarse"
Puerto Rico,"Acelerarse, apresurarse en la ejecución de algo","apresurarse, apurarse, ajorarse, darse prisa"
España,"Ponerse de mal humor, enojarse","enfadarse, cabrearse, picarse, mosquearse (coloquial), ponerse bravo, calentarse, enojarse (formal)"
Guatemala,"Ponerse de mal humor, enojarse","enojarse, ponerse bravo"
México,"Ponerse de mal humor, enojarse","enojarse, molestarse, encabronarse, emputarse"
Puerto Rico,"Ponerse de mal humor, enojarse","enojarse, molestarse, enfurecerse, enfogonarse, encojonarse"
España,Ponerse en posición erguida,"levantarse, ponerse de pie, alzarse"
Guatemala,Ponerse en posición erguida,"pararse, levantarse, ponerse de pie"
México,Ponerse en posición erguida,"pararse, levantarse, alzarse, ponerse de pie"
Puerto Rico,Ponerse en posición erguida,"pararse, levantarse, ponerse de pie"
España,Detener un vehículo colocándolo en un lugar destinado para ello durante cierto tiempo,"aparcar, estacionar (formal)"
Guatemala,Detener un vehículo colocándolo en un lugar destinado para ello durante cierto tiempo,estacionar
México,Detener un vehículo colocándolo en un lugar destinado para ello durante cierto tiempo,estacionar
Puerto Rico,Detener un vehículo colocándolo en un lugar destinado para ello durante cierto tiempo,parquear
España,Emplear demasiado tiempo en hacer algo,"tardar, retrasarse, demorarse"
Guatemala,Emplear demasiado tiempo en hacer algo,"tardar, dilatarse, retrasarse"
México,Emplear demasiado tiempo en hacer algo,"tardarse, demorarse, dilatarse"
Puerto Rico,Emplear demasiado tiempo en hacer algo,tardarse
España,No aprobar  un curso o examen,"suspender, ser suspendido, catear, ser cateado (coloquial), pinchar (coloquial)"
Guatemala,No aprobar  un curso o examen,echarse
México,No aprobar  un curso o examen,"reprobar, ser reprobado, tronar, ser tronado"
Puerto Rico,No aprobar  un curso o examen,"colgar, ser colgado"
España,"Contener un libro, un escrito u otra cosa semejante ciertos temas, ideas, etc. ""En la carta _____________ que tenemos que estar a las diez"".","poner, decir"
Guatemala,"Contener un libro, un escrito u otra cosa semejante ciertos temas, ideas, etc. ""En la carta _____________ que tenemos que estar a las diez"".",decir
México,"Contener un libro, un escrito u otra cosa semejante ciertos temas, ideas, etc. ""En la carta _____________ que tenemos que estar a las diez"".",decir
Puerto Rico,"Contener un libro, un escrito u otra cosa semejante ciertos temas, ideas, etc. ""En la carta _____________ que tenemos que estar a las diez"".","decir, poner"
España,"Unir, juntar o sujetar con ligaduras o nudos","atar, amarrar, anudar"
Guatemala,"Unir, juntar o sujetar con ligaduras o nudos",amarrar
México,"Unir, juntar o sujetar con ligaduras o nudos","amarrar, atar, anudar"
Puerto Rico,"Unir, juntar o sujetar con ligaduras o nudos",amarrar
España,Recordar con pena la ausencia o pérdida de una persona o cosa querida,"echar de menos, añorar, extrañar"
Guatemala,Recordar con pena la ausencia o pérdida de una persona o cosa querida,extrañar
México,Recordar con pena la ausencia o pérdida de una persona o cosa querida,"extrañar, echar de menos"
Puerto Rico,Recordar con pena la ausencia o pérdida de una persona o cosa querida,"echar de menos, extrañar"
España,Contender o disputar altercando de obra o de palabra,"pelear, discutir, reñir"
Guatemala,Contender o disputar altercando de obra o de palabra,pelear
México,Contender o disputar altercando de obra o de palabra,"pelearse, discutir"
Puerto Rico,Contender o disputar altercando de obra o de palabra,pelear
España,Terminar los estudios universitarios,"acabar la carrera, graduarse, licenciarse"
Guatemala,Terminar los estudios universitarios,"graduarse, recibirse"
México,Terminar los estudios universitarios,"recibirse, graduarse, terminar la carrera, titularse"
Puerto Rico,Terminar los estudios universitarios,graduarse
España,Hablar dos o más personas entre sí,"conversar, hablar, charlar, paliquear (Canarias), alegar (Canarias)"
Guatemala,Hablar dos o más personas entre sí,"hablar, platicar"
México,Hablar dos o más personas entre sí,"hablar, platicar, conversar, dialogar"
Puerto Rico,Hablar dos o más personas entre sí,"hablar, conversar, charlar"
España,Causar dolor,"hacer daño, herir, dañar, lastimar (solo para dolor emocional)"
Guatemala,Causar dolor,lastimar
México,Causar dolor,"lastimar, herir"
Puerto Rico,Causar dolor,"herir, lastimar, hacer daño"
España,"Exhibir una película o serie en una sala de cine o en la televisión. ""Hoy va(n) a ______ esa película en este canal""","echar, hacer, poner, proyectar"
Guatemala,"Exhibir una película o serie en una sala de cine o en la televisión. ""Hoy va(n) a ______ esa película en este canal""","pasar, dar, poner, proyectar"
México,"Exhibir una película o serie en una sala de cine o en la televisión. ""Hoy va(n) a ______ esa película en este canal""","pasar, proyectar"
Puerto Rico,"Exhibir una película o serie en una sala de cine o en la televisión. ""Hoy va(n) a ______ esa película en este canal""","dar, proyectar"
España,"Asegurar con cerradura, pasador, pestillo, tranca u otro instrumento, una puerta, ventana, tapa, etc., para impedir que se abra","cerrar, trancar (Canarias), chapar (coloquial), fechar (Andalucía Occidental), candar"
Guatemala,"Asegurar con cerradura, pasador, pestillo, tranca u otro instrumento, una puerta, ventana, tapa, etc., para impedir que se abra",cerrar
México,"Asegurar con cerradura, pasador, pestillo, tranca u otro instrumento, una puerta, ventana, tapa, etc., para impedir que se abra","cerrar, cerrar con llave, echar llave, ponerle llave, atrancar"
Puerto Rico,"Asegurar con cerradura, pasador, pestillo, tranca u otro instrumento, una puerta, ventana, tapa, etc., para impedir que se abra","cerrar, trancar"
España,"Suspender, poner algo o a alguien sin que llegue al suelo","colgar, tender (la ropa)"
Guatemala,"Suspender, poner algo o a alguien sin que llegue al suelo","colgar, tender (la ropa)"
México,"Suspender, poner algo o a alguien sin que llegue al suelo","colgar, tender (la ropa)"
Puerto Rico,"Suspender, poner algo o a alguien sin que llegue al suelo","colgar, tender, guindar"
España,Tomar con las manos,"coger, agarrar"
Guatemala,Tomar con las manos,agarrar
México,Tomar con las manos,"agarrar, tomar, sujetar"
Puerto Rico,Tomar con las manos,"coger, agarrar, tomar"
España,Entrar en un vehículo,"coger, tomar, subir a"
Guatemala,Entrar en un vehículo,subirse
México,Entrar en un vehículo,"subirse, abordar (formal)"
Puerto Rico,Entrar en un vehículo,"montarse, entrar, meterse"
España,Raer con navaja o maquinilla la propia barba,afeitarse
Guatemala,Raer con navaja o maquinilla la propia barba,rasurarse
México,Raer con navaja o maquinilla la propia barba,"rasurarse, afeitarse"
Puerto Rico,Raer con navaja o maquinilla la propia barba,afeitarse
España,Dejar de funcionar correctamente un aparato,"estropearse, averiarse, romperse"
Guatemala,Dejar de funcionar correctamente un aparato,arruinarse
México,Dejar de funcionar correctamente un aparato,"descomponerse, arruinarse, echarse a perder"
Puerto Rico,Dejar de funcionar correctamente un aparato,dañarse
España,"Expresar a una persona desaprobación sobre su actuación o su comportamiento, mediante el tono, palabras y gestos de enojo","regañar, reñir, echar una bronca"
Guatemala,"Expresar a una persona desaprobación sobre su actuación o su comportamiento, mediante el tono, palabras y gestos de enojo",regañar
México,"Expresar a una persona desaprobación sobre su actuación o su comportamiento, mediante el tono, palabras y gestos de enojo","regañar, llamar la atención"
Puerto Rico,"Expresar a una persona desaprobación sobre su actuación o su comportamiento, mediante el tono, palabras y gestos de enojo",regañar
España,Faltar a clase de forma clandestina,"hacer pellas, hacer novillos, hacer rabonas, hacer borota, latar, fumarse la clase, marcharse, irse de pira, pirarse, darse la juyona (Canarias), hacer campana (Cataluña), hacer pirola (Zaragoza), picarse la clase (Huesca), pirar clase (Asturias), correrse o saltarse las clases (Cantabria), hacer fuchina o pelarse la clase (Valencia), latar (Galicia), colgar (clase) (Vigo), hacer pira (País Vasco), hacerse la piarda (Andalucía)"
Guatemala,Faltar a clase de forma clandestina,"capearse, irse de capiusa"
México,Faltar a clase de forma clandestina,"irse de pinta, pinteársela, volarse la clase, perreársela (norte)"
Puerto Rico,Faltar a clase de forma clandestina,"comer jobos, cortar clase (anticuado), irse de juyilanga (anticuado)"
España,Cortar con una sierra la madera u otra materia,serrar
Guatemala,Cortar con una sierra la madera u otra materia,serruchar
México,Cortar con una sierra la madera u otra materia,serruchar
Puerto Rico,Cortar con una sierra la madera u otra materia,"serrar, serruchar, aserruchar"
España,"Andar mal o con dificultad por daño, discapacidad o dolor en una pierna, en una pata o en un pie, inclinando el cuerpo hacia un lado más que hacia otro","cojear, renquear, andar renco, ir renco"
Guatemala,"Andar mal o con dificultad por daño, discapacidad o dolor en una pierna, en una pata o en un pie, inclinando el cuerpo hacia un lado más que hacia otro","renquear, chenquear (coloquial)"
México,"Andar mal o con dificultad por daño, discapacidad o dolor en una pierna, en una pata o en un pie, inclinando el cuerpo hacia un lado más que hacia otro","cojear, renguear, renquear"
Puerto Rico,"Andar mal o con dificultad por daño, discapacidad o dolor en una pierna, en una pata o en un pie, inclinando el cuerpo hacia un lado más que hacia otro",cojear
España,Expulsar el sudor a través de los poros de la piel,"sudar, transpirar (formal)"
Guatemala,Expulsar el sudor a través de los poros de la piel,"sudar, transpirar (formal)"
México,Expulsar el sudor a través de los poros de la piel,"sudar, transpirar (formal)"
Puerto Rico,Expulsar el sudor a través de los poros de la piel,"sudar, transpirar (formal)"
España,Proporcionar calor mediante un mecanismo o sistema de calefacción,calentar
Guatemala,Proporcionar calor mediante un mecanismo o sistema de calefacción,calentar
México,Proporcionar calor mediante un mecanismo o sistema de calefacción,calentar
Puerto Rico,Proporcionar calor mediante un mecanismo o sistema de calefacción,calentar
España,"Poner en funcionamiento cualquier aparato o artefacto que funciona con electricidad, pilas, gases o combustibles","encender, activar"
Guatemala,"Poner en funcionamiento cualquier aparato o artefacto que funciona con electricidad, pilas, gases o combustibles","prender, encender, activar"
México,"Poner en funcionamiento cualquier aparato o artefacto que funciona con electricidad, pilas, gases o combustibles","prender, encender, activar"
Puerto Rico,"Poner en funcionamiento cualquier aparato o artefacto que funciona con electricidad, pilas, gases o combustibles","prender, encender, activar"
España,"Entregar y registrar en las estaciones de tren, aeropuertos, etc., un equipaje o una mercancía para que sea enviada a su lugar de destino",facturar
Guatemala,"Entregar y registrar en las estaciones de tren, aeropuertos, etc., un equipaje o una mercancía para que sea enviada a su lugar de destino",chequear
México,"Entregar y registrar en las estaciones de tren, aeropuertos, etc., un equipaje o una mercancía para que sea enviada a su lugar de destino","facturar, documentar"
Puerto Rico,"Entregar y registrar en las estaciones de tren, aeropuertos, etc., un equipaje o una mercancía para que sea enviada a su lugar de destino","chequear, registrar"
España,Llevar a alguien colgado en la espalda con los brazos alrededor del cuello y las piernas agarradas por los antebrazos,"llevar a caballito, cargar a la espalda/a las espaldas, llevar a coscoletas, llevar a cucurumillo, llevar a cuestas"
Guatemala,Llevar a alguien colgado en la espalda con los brazos alrededor del cuello y las piernas agarradas por los antebrazos,llevar a tuto
México,Llevar a alguien colgado en la espalda con los brazos alrededor del cuello y las piernas agarradas por los antebrazos,"llevar de caballito, canchar, canchar en el tun tun, canchar en la espalda, cargar a papuchi, cargar de a caballito, cargar de caballito, cargar a camachito, cargar de pauchi"
Puerto Rico,Llevar a alguien colgado en la espalda con los brazos alrededor del cuello y las piernas agarradas por los antebrazos,"llevar a caballito, montar a caballito, montar a patacá"
España,Impulsar a una persona que está sentada en un columpio o hamaca,columpiar
Guatemala,Impulsar a una persona que está sentada en un columpio o hamaca,columpiar
México,Impulsar a una persona que está sentada en un columpio o hamaca,"columpiar, mecer, pasear"
Puerto Rico,Impulsar a una persona que está sentada en un columpio o hamaca,"mecer, columpiar, hamaquear"
España,Curiosear o tratar de averiguar cosas acerca de la vida privada de los demás,cotillear
Guatemala,Curiosear o tratar de averiguar cosas acerca de la vida privada de los demás,chismear
México,Curiosear o tratar de averiguar cosas acerca de la vida privada de los demás,chismear
Puerto Rico,Curiosear o tratar de averiguar cosas acerca de la vida privada de los demás,"bochinchear, chismear, novelear"
España,Darse un beso de lengua,"enrollarse, liarse, morrearse, pegarse el lote, darse el lote, comer la boca, dar un beso de tornillo"
Guatemala,Darse un beso de lengua,"darse un beso de lengüita, trincar"
México,Darse un beso de lengua,"darse un beso de lengüita, atascarse (vulgar)"
Puerto Rico,Darse un beso de lengua,apestillarse
España,"Realizar el acto sexual. Expresiones aparte de 'acostarse', 'fornicar', 'hacer el amor' y 'coitar'","echar un polvo, follar, tirar, pijar"
Guatemala,"Realizar el acto sexual. Expresiones aparte de 'acostarse', 'fornicar', 'hacer el amor' y 'coitar'","chimar, pisar"
México,"Realizar el acto sexual. Expresiones aparte de 'acostarse', 'fornicar', 'hacer el amor' y 'coitar'","chingar, clavar, tirar, coger, parchar, cuchiplanchar, echarse un caldo, echarse un palo/palito, matar el oso a puñaladas, ponchar(se) a alguien, ponerle (Juan al niño)"
Puerto Rico,"Realizar el acto sexual. Expresiones aparte de 'acostarse', 'fornicar', 'hacer el amor' y 'coitar'",chichar
España,de baja estatura,"bajo, retaco (despectivo)"
Guatemala,de baja estatura,chaparro
México,de baja estatura,"chaparro, chapo, bajo, zotaco, sotaco"
Puerto Rico,de baja estatura,"tapón, bajo"
España,Color más claro que el azul y parecido al del cielo despejado,"azul (claro), (azul) celeste"
Guatemala,Color más claro que el azul y parecido al del cielo despejado,azul claro
México,Color más claro que el azul y parecido al del cielo despejado,"azul cielo, azul bajo, (azul) celeste, azul claro"
Puerto Rico,Color más claro que el azul y parecido al del cielo despejado,azul celeste
España,Que tiene el pelo castaño o negro chévere,moreno
Guatemala,Que tiene el pelo castaño o negro chévere,de pelo castaño o negro
México,Que tiene el pelo castaño o negro chévere,"trigueño, de pelo castaño o negro"
Puerto Rico,Que tiene el pelo castaño o negro chévere,pelinegro
España,Que está destinado a ser usado una sola vez,desechable
Guatemala,Que está destinado a ser usado una sola vez,desechable
México,Que está destinado a ser usado una sola vez,desechable
Puerto Rico,Que está destinado a ser usado una sola vez,desechable
España,"Que es muy bueno o extraordinario. (Palabras no extendidas en todo el mundo hispanohablante como ‘estupendo‘, ‘excelente‘, ‘fantástico', ‘fenomenal’, ‘formidable‘, 'genial', 'súper', etc.)","guay, chulo, de muerte, cojonudo, bestial, brutal, de puta madre, fetén, guapo, molón, la hostia, una pasada, de flipar, dabuten. la repera, mortal"
Guatemala,"Que es muy bueno o extraordinario. (Palabras no extendidas en todo el mundo hispanohablante como ‘estupendo‘, ‘excelente‘, ‘fantástico', ‘fenomenal’, ‘formidable‘, 'genial', 'súper', etc.)",chilero
México,"Que es muy bueno o extraordinario. (Palabras no extendidas en todo el mundo hispanohablante como ‘estupendo‘, ‘excelente‘, ‘fantástico', ‘fenomenal’, ‘formidable‘, 'genial', 'súper', etc.)","padre, chido, chingón, chévere, chilo, cura, curada (Baja California), cámara, perrón, suave, con madre, con ganas"
Puerto Rico,"Que es muy bueno o extraordinario. (Palabras no extendidas en todo el mundo hispanohablante como ‘estupendo‘, ‘excelente‘, ‘fantástico', ‘fenomenal’, ‘formidable‘, 'genial', 'súper', etc.)","chévere, brutal, fuera de liga, monstruo, pasao"
España,Que alaba de forma exagerada e hipócrita o trata de agradar a alguien con el único fin de conseguir un favor o un beneficio. Además s de 'adulador'.,"pelota, chaquetero, cepillo, lameculos, pelotillero, abrazafarolas"
Guatemala,Que alaba de forma exagerada e hipócrita o trata de agradar a alguien con el único fin de conseguir un favor o un beneficio. Además s de 'adulador'.,"chaquetero, lameculo, lamehuevos"
México,Que alaba de forma exagerada e hipócrita o trata de agradar a alguien con el único fin de conseguir un favor o un beneficio. Además s de 'adulador'.,"lambiscón, lamebotas, lameculos, barbero, lamehuevos, arrastrado, besapatas, cromador, lamesuelas"
Puerto Rico,Que alaba de forma exagerada e hipócrita o trata de agradar a alguien con el único fin de conseguir un favor o un beneficio. Además s de 'adulador'.,"huelepeo, lambeojo(s), alzacola, soplapote, chupamedias, lambeculo"
España,Que acostumbra contar chismes o noticias o hacer comentarios sobre la vida de otras personas y gustar de hacerlo,"cotilla, chismoso, correveidile, chafardero"
Guatemala,Que acostumbra contar chismes o noticias o hacer comentarios sobre la vida de otras personas y gustar de hacerlo,chismoso
México,Que acostumbra contar chismes o noticias o hacer comentarios sobre la vida de otras personas y gustar de hacerlo,chismoso
Puerto Rico,Que acostumbra contar chismes o noticias o hacer comentarios sobre la vida de otras personas y gustar de hacerlo,"chismoso, bochinchero, bochinchoso, lleva y trae, correveidile, lleva y trae, lengua larga, lengua de cotorra, lengua viperina, radio bemba"
España,"Se usa para indicar que una acción tuvo o tendrá lugar no antes del momento que se indica. Ej.: ""No nos vemos sino hasta dentro de dos semanas""",solo
Guatemala,"Se usa para indicar que una acción tuvo o tendrá lugar no antes del momento que se indica. Ej.: ""No nos vemos sino hasta dentro de dos semanas""",no ... hasta dentro de
México,"Se usa para indicar que una acción tuvo o tendrá lugar no antes del momento que se indica. Ej.: ""No nos vemos sino hasta dentro de dos semanas""","hasta, apenas"
España,Locución para expresar que algunas personas o cosas van apareadas,"en parejas, de dos en dos"
Guatemala,Locución para expresar que algunas personas o cosas van apareadas,"de dos en dos, en parejas, de a dos, en equipos de dos"
México,Locución para expresar que algunas personas o cosas van apareadas,"en parejas, equipo de dos, de dos en dos"
Puerto Rico,Locución para expresar que algunas personas o cosas van apareadas,"en parejas, en equipos de dos, de dos en dos"
España,"Con la intención de causar un determinado efecto, y no por descuido o sin intención Variantes comunes a todo el mundo hispanohablante en un registro formal o informal: 'deliberadamente', 'a propósito', 'ex profeso', 'intencionadamente', 'premeditadamente' y 'queriendo'","aposta, adrede, a sabiendas, a caso hecho, a cosa hecha"
Guatemala,"Con la intención de causar un determinado efecto, y no por descuido o sin intención Variantes comunes a todo el mundo hispanohablante en un registro formal o informal: 'deliberadamente', 'a propósito', 'ex profeso', 'intencionadamente', 'premeditadamente' y 'queriendo'",sabiendo
México,"Con la intención de causar un determinado efecto, y no por descuido o sin intención Variantes comunes a todo el mundo hispanohablante en un registro formal o informal: 'deliberadamente', 'a propósito', 'ex profeso', 'intencionadamente', 'premeditadamente' y 'queriendo'",adrede
Puerto Rico,"Con la intención de causar un determinado efecto, y no por descuido o sin intención Variantes comunes a todo el mundo hispanohablante en un registro formal o informal: 'deliberadamente', 'a propósito', 'ex profeso', 'intencionadamente', 'premeditadamente' y 'queriendo'",adrede
España,En el día anterior al día de ayer,"antes de ayer, anteayer, antier"
Guatemala,En el día anterior al día de ayer,"antier, anteayer"
México,En el día anterior al día de ayer,"antier, anteayer"
Puerto Rico,En el día anterior al día de ayer,"antier, antes de ayer"
